[
  {
    "id": "copper_ax",
    "type": "TOOL",
    "name": { "str": "copper axe" },
    "description": "This is a decent-sized chunk of worked copper affixed to a wooden shaft, to make a crude yet effective axe.",
    "weight": "3700 g",
    "volume": "3500 ml",
    "price": 5500,
    "bashing": 18,
    "cutting": 12,
    "material": [ "wood", "copper" ],
    "symbol": "/",
    "color": "brown",
    "qualities": [ [ "AXE", 2 ], [ "BUTCHER", -44 ] ],
    "techniques": [ "WBLOCK_1", "BRUTAL", "SWEEP" ],
    "flags": [ "NONCONDUCTIVE", "SHEATH_AXE" ]
  },
  {
    "id": "hand_axe",
    "type": "TOOL",
    "name": { "str": "stone hand axe" },
    "description": "This is a broad piece of sharpened stone, with enough left untouched to hold safely.  The Swiss Army knife of the lower paleolithic.",
    "weight": "453 g",
    "volume": "500 ml",
    "price": 0,
    "to_hit": -1,
    "bashing": 5,
    "cutting": 3,
    "material": "stone",
    "symbol": ";",
    "color": "light_gray",
    "qualities": [ [ "CUT", 1 ], [ "BUTCHER", 6 ], [ "SAW_W", 1 ], [ "AXE", 2 ], [ "HAMMER", 1 ] ],
    "flags": [ "SHEATH_AXE" ]
  },
  {
    "id": "makeshift_axe",
    "copy-from": "hand_axe",
    "type": "TOOL",
    "name": { "str": "metal hand axe" },
    "description": "This is a chunk of steel with one edge hammered down to something resembling a cutting edge.  It works passably well as an axe but really can't compare to a proper axe.",
    "material": "steel",
    "flags": [ "SHEATH_AXE" ]
  },
  {
    "id": "primitive_axe",
    "type": "TOOL",
    "name": { "str": "stone axe" },
    "description": "This is a sharpened stone affixed to a stick.  It works passably well as an axe but really can't compare to a proper axe.",
    "weight": "3154 g",
    "volume": "3500 ml",
    "price": 0,
    "bashing": 11,
    "cutting": 8,
    "material": [ "wood", "stone" ],
    "symbol": "/",
    "color": "light_gray",
    "qualities": [ [ "AXE", 2 ], [ "BUTCHER", -70 ] ],
    "flags": [ "BELT_CLIP", "SHEATH_AXE" ]
  }
]
